{
    "version": 1,
    "revision": 0,
    "rules": [
        {
            "primary-output": "x64\\Release\\ParametersListSyntax.obj",
            "outputs": [
                "x64\\Release\\ParametersListSyntax.h_6E2EC05B4839CE5.ifc.dt.module.json",
                "x64\\Release\\ParametersListSyntax.h_6E2EC05B4839CE5.ifc.dt.d.json",
                "x64\\Release\\ParametersListSyntax.h.ifc"
            ],
            "provides": [
                {
                    "logical-name": "C:\\Users\\gutii\\source\\repos\\ShardScript\\ShardScript\\include\\shard\\syntax\\nodes\\ParametersListSyntax.h",
                    "source-path": "c:\\users\\gutii\\source\\repos\\shardscript\\shardscript\\include\\shard\\syntax\\nodes\\parameterslistsyntax.h",
                    "lookup-method": "absolute"
                }
            ],
            "requires": []
        }
    ]
}