{
    "Version": "1.2",
    "Data": {
        "Source": "c:\\users\\gutii\\source\\repos\\shardscript\\shardscript\\include\\shard\\syntax\\nodes\\parameterslistsyntax.h",
        "ProvidedModule": "",
        "Includes": [
            "c:\\users\\gutii\\source\\repos\\shardscript\\shardscript\\include\\shard\\shardscriptapi.h",
            "c:\\users\\gutii\\source\\repos\\shardscript\\shardscript\\include\\shard\\syntax\\syntaxkind.h",
            "c:\\users\\gutii\\source\\repos\\shardscript\\shardscript\\include\\shard\\syntax\\syntaxnode.h",
            "c:\\users\\gutii\\source\\repos\\shardscript\\shardscript\\include\\shard\\syntax\\syntaxtoken.h",
            "c:\\users\\gutii\\source\\repos\\shardscript\\shardscript\\include\\shard\\syntax\\tokentype.h",
            "c:\\users\\gutii\\source\\repos\\shardscript\\shardscript\\include\\shard\\parsing\\analysis\\textlocation.h",
            "c:\\program files\\microsoft visual studio\\18\\enterprise\\vc\\tools\\msvc\\14.50.35717\\include\\string",
            "c:\\program files\\microsoft visual studio\\18\\enterprise\\vc\\tools\\msvc\\14.50.35717\\include\\yvals_core.h",
            "c:\\program files\\microsoft visual studio\\18\\enterprise\\vc\\tools\\msvc\\14.50.35717\\include\\vcruntime.h",
            "c:\\program files\\microsoft visual studio\\18\\enterprise\\vc\\tools\\msvc\\14.50.35717\\include\\sal.h",
            "c:\\program files\\microsoft visual studio\\18\\enterprise\\vc\\tools\\msvc\\14.50.35717\\include\\concurrencysal.h",
            "c:\\program files\\microsoft visual studio\\18\\enterprise\\vc\\tools\\msvc\\14.50.35717\\include\\vadefs.h",
            "c:\\program files\\microsoft visual studio\\18\\enterprise\\vc\\tools\\msvc\\14.50.35717\\include\\xkeycheck.h",
            "c:\\program files\\microsoft visual studio\\18\\enterprise\\vc\\tools\\msvc\\14.50.35717\\include\\xstring",
            "c:\\program files\\microsoft visual studio\\18\\enterprise\\vc\\tools\\msvc\\14.50.35717\\include\\__msvc_sanitizer_annotate_container.hpp",
            "c:\\program files\\microsoft visual studio\\18\\enterprise\\vc\\tools\\msvc\\14.50.35717\\include\\__msvc_string_view.hpp",
            "c:\\program files\\microsoft visual studio\\18\\enterprise\\vc\\tools\\msvc\\14.50.35717\\include\\iosfwd",
            "c:\\program files\\microsoft visual studio\\18\\enterprise\\vc\\tools\\msvc\\14.50.35717\\include\\yvals.h",
            "c:\\program files (x86)\\windows kits\\10\\include\\10.0.26100.0\\ucrt\\crtdbg.h",
            "c:\\program files (x86)\\windows kits\\10\\include\\10.0.26100.0\\ucrt\\corecrt.h",
            "c:\\program files\\microsoft visual studio\\18\\enterprise\\vc\\tools\\msvc\\14.50.35717\\include\\vcruntime_new_debug.h",
            "c:\\program files\\microsoft visual studio\\18\\enterprise\\vc\\tools\\msvc\\14.50.35717\\include\\vcruntime_new.h",
            "c:\\program files\\microsoft visual studio\\18\\enterprise\\vc\\tools\\msvc\\14.50.35717\\include\\crtdefs.h",
            "c:\\program files\\microsoft visual studio\\18\\enterprise\\vc\\tools\\msvc\\14.50.35717\\include\\use_ansi.h",
            "c:\\program files\\microsoft visual studio\\18\\enterprise\\vc\\tools\\msvc\\14.50.35717\\include\\cstdio",
            "c:\\program files (x86)\\windows kits\\10\\include\\10.0.26100.0\\ucrt\\stdio.h",
            "c:\\program files (x86)\\windows kits\\10\\include\\10.0.26100.0\\ucrt\\corecrt_wstdio.h",
            "c:\\program files (x86)\\windows kits\\10\\include\\10.0.26100.0\\ucrt\\corecrt_stdio_config.h",
            "c:\\program files\\microsoft visual studio\\18\\enterprise\\vc\\tools\\msvc\\14.50.35717\\include\\cstring",
            "c:\\program files (x86)\\windows kits\\10\\include\\10.0.26100.0\\ucrt\\string.h",
            "c:\\program files (x86)\\windows kits\\10\\include\\10.0.26100.0\\ucrt\\corecrt_memory.h",
            "c:\\program files (x86)\\windows kits\\10\\include\\10.0.26100.0\\ucrt\\corecrt_memcpy_s.h",
            "c:\\program files (x86)\\windows kits\\10\\include\\10.0.26100.0\\ucrt\\errno.h",
            "c:\\program files\\microsoft visual studio\\18\\enterprise\\vc\\tools\\msvc\\14.50.35717\\include\\vcruntime_string.h",
            "c:\\program files (x86)\\windows kits\\10\\include\\10.0.26100.0\\ucrt\\corecrt_wstring.h",
            "c:\\program files\\microsoft visual studio\\18\\enterprise\\vc\\tools\\msvc\\14.50.35717\\include\\cwchar",
            "c:\\program files (x86)\\windows kits\\10\\include\\10.0.26100.0\\ucrt\\wchar.h",
            "c:\\program files (x86)\\windows kits\\10\\include\\10.0.26100.0\\ucrt\\corecrt_wconio.h",
            "c:\\program files (x86)\\windows kits\\10\\include\\10.0.26100.0\\ucrt\\corecrt_wctype.h",
            "c:\\program files (x86)\\windows kits\\10\\include\\10.0.26100.0\\ucrt\\corecrt_wdirect.h",
            "c:\\program files (x86)\\windows kits\\10\\include\\10.0.26100.0\\ucrt\\corecrt_wio.h",
            "c:\\program files (x86)\\windows kits\\10\\include\\10.0.26100.0\\ucrt\\corecrt_share.h",
            "c:\\program files (x86)\\windows kits\\10\\include\\10.0.26100.0\\ucrt\\corecrt_wprocess.h",
            "c:\\program files (x86)\\windows kits\\10\\include\\10.0.26100.0\\ucrt\\corecrt_wstdlib.h",
            "c:\\program files (x86)\\windows kits\\10\\include\\10.0.26100.0\\ucrt\\corecrt_wtime.h",
            "c:\\program files (x86)\\windows kits\\10\\include\\10.0.26100.0\\ucrt\\sys\\stat.h",
            "c:\\program files (x86)\\windows kits\\10\\include\\10.0.26100.0\\ucrt\\sys\\types.h",
            "c:\\program files\\microsoft visual studio\\18\\enterprise\\vc\\tools\\msvc\\14.50.35717\\include\\intrin.h",
            "c:\\program files\\microsoft visual studio\\18\\enterprise\\vc\\tools\\msvc\\14.50.35717\\include\\intrin0.inl.h",
            "c:\\program files\\microsoft visual studio\\18\\enterprise\\vc\\tools\\msvc\\14.50.35717\\include\\setjmp.h",
            "c:\\program files\\microsoft visual studio\\18\\enterprise\\vc\\tools\\msvc\\14.50.35717\\include\\immintrin.h",
            "c:\\program files\\microsoft visual studio\\18\\enterprise\\vc\\tools\\msvc\\14.50.35717\\include\\wmmintrin.h",
            "c:\\program files\\microsoft visual studio\\18\\enterprise\\vc\\tools\\msvc\\14.50.35717\\include\\nmmintrin.h",
            "c:\\program files\\microsoft visual studio\\18\\enterprise\\vc\\tools\\msvc\\14.50.35717\\include\\smmintrin.h",
            "c:\\program files\\microsoft visual studio\\18\\enterprise\\vc\\tools\\msvc\\14.50.35717\\include\\tmmintrin.h",
            "c:\\program files\\microsoft visual studio\\18\\enterprise\\vc\\tools\\msvc\\14.50.35717\\include\\pmmintrin.h",
            "c:\\program files\\microsoft visual studio\\18\\enterprise\\vc\\tools\\msvc\\14.50.35717\\include\\emmintrin.h",
            "c:\\program files\\microsoft visual studio\\18\\enterprise\\vc\\tools\\msvc\\14.50.35717\\include\\xmmintrin.h",
            "c:\\program files\\microsoft visual studio\\18\\enterprise\\vc\\tools\\msvc\\14.50.35717\\include\\mmintrin.h",
            "c:\\program files (x86)\\windows kits\\10\\include\\10.0.26100.0\\ucrt\\malloc.h",
            "c:\\program files (x86)\\windows kits\\10\\include\\10.0.26100.0\\ucrt\\corecrt_malloc.h",
            "c:\\program files\\microsoft visual studio\\18\\enterprise\\vc\\tools\\msvc\\14.50.35717\\include\\zmmintrin.h",
            "c:\\program files\\microsoft visual studio\\18\\enterprise\\vc\\tools\\msvc\\14.50.35717\\include\\ammintrin.h",
            "c:\\program files\\microsoft visual studio\\18\\enterprise\\vc\\tools\\msvc\\14.50.35717\\include\\xtr1common",
            "c:\\program files\\microsoft visual studio\\18\\enterprise\\vc\\tools\\msvc\\14.50.35717\\include\\xutility",
            "c:\\program files\\microsoft visual studio\\18\\enterprise\\vc\\tools\\msvc\\14.50.35717\\include\\__msvc_iter_core.hpp",
            "c:\\program files\\microsoft visual studio\\18\\enterprise\\vc\\tools\\msvc\\14.50.35717\\include\\utility",
            "c:\\program files\\microsoft visual studio\\18\\enterprise\\vc\\tools\\msvc\\14.50.35717\\include\\initializer_list",
            "c:\\program files\\microsoft visual studio\\18\\enterprise\\vc\\tools\\msvc\\14.50.35717\\include\\cstddef",
            "c:\\program files (x86)\\windows kits\\10\\include\\10.0.26100.0\\ucrt\\stddef.h",
            "c:\\program files\\microsoft visual studio\\18\\enterprise\\vc\\tools\\msvc\\14.50.35717\\include\\type_traits",
            "c:\\program files\\microsoft visual studio\\18\\enterprise\\vc\\tools\\msvc\\14.50.35717\\include\\cstdint",
            "c:\\program files\\microsoft visual studio\\18\\enterprise\\vc\\tools\\msvc\\14.50.35717\\include\\stdint.h",
            "c:\\program files\\microsoft visual studio\\18\\enterprise\\vc\\tools\\msvc\\14.50.35717\\include\\compare",
            "c:\\program files\\microsoft visual studio\\18\\enterprise\\vc\\tools\\msvc\\14.50.35717\\include\\concepts",
            "c:\\program files\\microsoft visual studio\\18\\enterprise\\vc\\tools\\msvc\\14.50.35717\\include\\climits",
            "c:\\program files\\microsoft visual studio\\18\\enterprise\\vc\\tools\\msvc\\14.50.35717\\include\\limits.h",
            "c:\\program files\\microsoft visual studio\\18\\enterprise\\vc\\tools\\msvc\\14.50.35717\\include\\cstdlib",
            "c:\\program files (x86)\\windows kits\\10\\include\\10.0.26100.0\\ucrt\\math.h",
            "c:\\program files (x86)\\windows kits\\10\\include\\10.0.26100.0\\ucrt\\corecrt_math.h",
            "c:\\program files (x86)\\windows kits\\10\\include\\10.0.26100.0\\ucrt\\stdlib.h",
            "c:\\program files (x86)\\windows kits\\10\\include\\10.0.26100.0\\ucrt\\corecrt_search.h",
            "c:\\program files\\microsoft visual studio\\18\\enterprise\\vc\\tools\\msvc\\14.50.35717\\include\\xmemory",
            "c:\\program files\\microsoft visual studio\\18\\enterprise\\vc\\tools\\msvc\\14.50.35717\\include\\limits",
            "c:\\program files\\microsoft visual studio\\18\\enterprise\\vc\\tools\\msvc\\14.50.35717\\include\\cfloat",
            "c:\\program files (x86)\\windows kits\\10\\include\\10.0.26100.0\\ucrt\\float.h",
            "c:\\program files\\microsoft visual studio\\18\\enterprise\\vc\\tools\\msvc\\14.50.35717\\include\\intrin0.h",
            "c:\\program files\\microsoft visual studio\\18\\enterprise\\vc\\tools\\msvc\\14.50.35717\\include\\new",
            "c:\\program files\\microsoft visual studio\\18\\enterprise\\vc\\tools\\msvc\\14.50.35717\\include\\exception",
            "c:\\program files\\microsoft visual studio\\18\\enterprise\\vc\\tools\\msvc\\14.50.35717\\include\\vcruntime_exception.h",
            "c:\\program files\\microsoft visual studio\\18\\enterprise\\vc\\tools\\msvc\\14.50.35717\\include\\eh.h",
            "c:\\program files (x86)\\windows kits\\10\\include\\10.0.26100.0\\ucrt\\corecrt_terminate.h",
            "c:\\program files\\microsoft visual studio\\18\\enterprise\\vc\\tools\\msvc\\14.50.35717\\include\\xatomic.h",
            "c:\\program files\\microsoft visual studio\\18\\enterprise\\vc\\tools\\msvc\\14.50.35717\\include\\tuple",
            "c:\\program files\\microsoft visual studio\\18\\enterprise\\vc\\tools\\msvc\\14.50.35717\\include\\xpolymorphic_allocator.h",
            "c:\\program files\\microsoft visual studio\\18\\enterprise\\vc\\tools\\msvc\\14.50.35717\\include\\cctype",
            "c:\\program files (x86)\\windows kits\\10\\include\\10.0.26100.0\\ucrt\\ctype.h",
            "c:\\users\\gutii\\source\\repos\\shardscript\\shardscript\\include\\shard\\syntax\\nodes\\typesyntax.h",
            "c:\\users\\gutii\\source\\repos\\shardscript\\shardscript\\include\\shard\\syntax\\symbols\\typesymbol.h",
            "c:\\users\\gutii\\source\\repos\\shardscript\\shardscript\\include\\shard\\syntax\\syntaxsymbol.h",
            "c:\\users\\gutii\\source\\repos\\shardscript\\shardscript\\include\\shard\\syntax\\symbolaccesibility.h",
            "c:\\program files\\microsoft visual studio\\18\\enterprise\\vc\\tools\\msvc\\14.50.35717\\include\\vector",
            "c:\\program files\\microsoft visual studio\\18\\enterprise\\vc\\tools\\msvc\\14.50.35717\\include\\__msvc_bit_utils.hpp"
        ],
        "ImportedModules": [],
        "ImportedHeaderUnits": []
    }
}