{
    "version": 1,
    "revision": 0,
    "rules": [
        {
            "primary-output": "x64\\Debug\\SequenceSourceReader.obj",
            "outputs": [
                "x64\\Debug\\SequenceSourceReader.h_F9F22C21A68A4957.ifc.dt.module.json",
                "x64\\Debug\\SequenceSourceReader.h_F9F22C21A68A4957.ifc.dt.d.json",
                "x64\\Debug\\SequenceSourceReader.h.ifc"
            ],
            "provides": [
                {
                    "logical-name": "C:\\Users\\gutii\\source\\repos\\ShardScript\\ShardScript\\include\\shard\\parsing\\reading\\SequenceSourceReader.h",
                    "source-path": "c:\\users\\gutii\\source\\repos\\shardscript\\shardscript\\include\\shard\\parsing\\reading\\sequencesourcereader.h",
                    "lookup-method": "absolute"
                }
            ],
            "requires": []
        }
    ]
}