{
    "version": 1,
    "revision": 0,
    "rules": [
        {
            "primary-output": "x64\\Debug\\UsingDirectiveSyntax.h.obj",
            "outputs": [
                "C:\\Users\\gutii\\source\\repos\\ShardScript\\ShardScript\\x64\\Debug\\vc145.pdb",
                "x64\\Debug\\",
                "C:\\Users\\gutii\\source\\repos\\ShardScript\\ShardScript\\x64\\Debug\\UsingDirectiveSyntax.h.ifc"
            ],
            "provides": [
                {
                    "logical-name": "include\\shard\\syntax\\nodes\\Directives\\UsingDirectiveSyntax.h",
                    "source-path": "c:\\users\\gutii\\source\\repos\\shardscript\\shardscript\\include\\shard\\syntax\\nodes\\directives\\usingdirectivesyntax.h",
                    "lookup-method": "absolute"
                }
            ],
            "requires": []
        }
    ]
}