{
    "version": 1,
    "revision": 0,
    "rules": [
        {
            "primary-output": "x64\\Debug\\UsingDirectiveSyntax.obj",
            "outputs": [
                "x64\\Debug\\UsingDirectiveSyntax.h_4443EA2DF5F8C6D2.ifc.dt.module.json",
                "x64\\Debug\\UsingDirectiveSyntax.h_4443EA2DF5F8C6D2.ifc.dt.d.json",
                "x64\\Debug\\UsingDirectiveSyntax.h.ifc"
            ],
            "provides": [
                {
                    "logical-name": "C:\\Users\\gutii\\source\\repos\\ShardScript\\ShardScript\\include\\shard\\syntax\\nodes\\Directives\\UsingDirectiveSyntax.h",
                    "source-path": "c:\\users\\gutii\\source\\repos\\shardscript\\shardscript\\include\\shard\\syntax\\nodes\\directives\\usingdirectivesyntax.h",
                    "lookup-method": "absolute"
                }
            ],
            "requires": []
        }
    ]
}